<?xml version="1.0" encoding="UTF-8"?>
<!DOCTYPE mapper PUBLIC "-//mybatis.org//DTD Mapper 3.0//EN" "http://mybatis.org/dtd/mybatis-3-mapper.dtd">
<mapper namespace="com.isea533.mybatis.mapper.TbItemMapper">
  <resultMap id="BaseResultMap" type="com.isea533.mybatis.model.TbItem">
    <!--
      WARNING - @mbg.generated
    -->
    <id column="id" jdbcType="BIGINT" property="id" />
    <result column="title" jdbcType="VARCHAR" property="title" />
    <result column="sell_point" jdbcType="VARCHAR" property="sellPoint" />
    <result column="price" jdbcType="BIGINT" property="price" />
    <result column="num" jdbcType="INTEGER" property="num" />
    <result column="barcode" jdbcType="VARCHAR" property="barcode" />
    <result column="image" jdbcType="VARCHAR" property="image" />
    <result column="cid" jdbcType="BIGINT" property="cid" />
    <result column="status" jdbcType="TINYINT" property="status" />
    <result column="created" jdbcType="TIMESTAMP" property="created" />
    <result column="updated" jdbcType="TIMESTAMP" property="updated" />
  </resultMap>
</mapper>